Adams,MS
Alcorn,MS
Amite,MS
Attala,MS
Benton,MS
Bolivar,MS
Calhoun,MS
Carroll,MS
Chickasaw,MS
Choctaw,MS
Claiborne,MS
Clarke,MS
Clay,MS
Coahoma,MS
Copiah,MS
Covington,MS
DeSoto,MS
Forrest,MS
Franklin,MS
George,MS
Greene,MS
Grenada,MS
Hancock,MS
Harrison,MS
Hinds,MS
Holmes,MS
Humphreys,MS
Issaquena,MS
Itawamba,MS
Jackson,MS
Jasper,MS
Jefferson,MS
Jefferson Davis,MS
Jones,MS
Kemper,MS
Lafayette,MS
Lamar,MS
Lauderdale,MS
Lawrence,MS
Leake,MS
Lee,MS
Leflore,MS
Lincoln,MS
Lowndes,MS
Madison,MS
Marion,MS
Marshall,MS
Monroe,MS
Montgomery,MS
Neshoba,MS
Newton,MS
Noxubee,MS
Oktibbeha,MS
Panola,MS
Pearl River,MS
Perry,MS
Pike,MS
Pontotoc,MS
Prentiss,MS
Quitman,MS
Rankin,MS
Scott,MS
Sharkey,MS
Simpson,MS
Smith,MS
Stone,MS
Sunflower,MS
Tallahatchie,MS
Tate,MS
Tippah,MS
Tishomingo,MS
Tunica,MS
Union,MS
Walthall,MS
Warren,MS
Washington,MS
Wayne,MS
Webster,MS
Wilkinson,MS
Winston,MS
Yalobusha,MS
Yazoo,MS
