Adair,OK
Alfalfa,OK
Atoka,OK
Beaver,OK
Beckham,OK
Blaine,OK
Bryan,OK
Caddo,OK
Canadian,OK
Carter,OK
Cherokee,OK
Choctaw,OK
Cimarron,OK
Cleveland,OK
Coal,OK
Comanche,OK
Cotton,OK
Craig,OK
Creek,OK
Custer,OK
Delaware,OK
Dewey,OK
Ellis,OK
Garfield,OK
Garvin,OK
Grady,OK
Grant,OK
Greer,OK
Harmon,OK
Harper,OK
Haskell,OK
Hughes,OK
Jackson,OK
Jefferson,OK
Johnston,OK
Kay,OK
Kingfisher,OK
Kiowa,OK
Latimer,OK
Le Flore,OK
Lincoln,OK
Logan,OK
Love,OK
Major,OK
Marshall,OK
Mayes,OK
McClain,OK
McCurtain,OK
McIntosh,OK
Murray,OK
Muskogee,OK
Noble,OK
Nowata,OK
Okfuskee,OK
Oklahoma,OK
Okmulgee,OK
Osage,OK
Ottawa,OK
Pawnee,OK
Payne,OK
Pittsburg,OK
Pontotoc,OK
Pottawatomie,OK
Pushmataha,OK
Roger Mills,OK
Rogers,OK
Seminole,OK
Sequoyah,OK
Stephens,OK
Texas,OK
Tillman,OK
Tulsa,OK
Wagoner,OK
Washington,OK
Washita,OK
Woods,OK
Woodward,OK
