Beaverhead,MT
Big Horn,MT
Blaine,MT
Broadwater,MT
Carbon,MT
Carter,MT
Cascade,MT
Chouteau,MT
Custer,MT
Daniels,MT
Dawson,MT
Deer Lodge,MT
Fallon,MT
Fergus,MT
Flathead,MT
Gallatin,MT
Garfield,MT
Glacier,MT
Golden Valley,MT
Granite,MT
Hill,MT
Jefferson,MT
Judith Basin,MT
Lake,MT
Lewis and Clark,MT
Liberty,MT
Lincoln,MT
Madison,MT
McCone,MT
Meagher,MT
Mineral,MT
Missoula,MT
Musselshell,MT
Park,MT
Petroleum,MT
Phillips,MT
Pondera,MT
Powder River,MT
Powell,MT
Prairie,MT
Ravalli,MT
Richland,MT
Roosevelt,MT
Rosebud,MT
Sanders,MT
Sheridan,MT
Silver Bow,MT
Stillwater,MT
Sweet Grass,MT
Teton,MT
Toole,MT
Treasure,MT
Valley,MT
Wheatland,MT
Wibaux,MT
Yellowstone,MT
