Aurora,SD
Beadle,SD
Bennett,SD
Bon Homme,SD
Brookings,SD
Brown,SD
Brule,SD
Buffalo,SD
Butte,SD
Campbell,SD
Charles Mix,SD
Clark,SD
Clay,SD
Codington,SD
Corson,SD
Custer,SD
Davison,SD
Day,SD
Deuel,SD
Dewey,SD
Douglas,SD
Edmunds,SD
Fall River,SD
Faulk,SD
Grant,SD
Gregory,SD
Haakon,SD
Hamlin,SD
Hand,SD
Hanson,SD
Harding,SD
Hughes,SD
Hutchinson,SD
Hyde,SD
Jackson,SD
Jerauld,SD
Jones,SD
Kingsbury,SD
Lake,SD
Lawrence,SD
Lincoln,SD
Lyman,SD
Marshall,SD
McCook,SD
McPherson,SD
Meade,SD
Mellette,SD
Miner,SD
Minnehaha,SD
Moody,SD
Oglala Lakota,SD
Pennington,SD
Perkins,SD
Potter,SD
Roberts,SD
Sanborn,SD
Spink,SD
Stanley,SD
Sully,SD
Todd,SD
Tripp,SD
Turner,SD
Union,SD
Walworth,SD
Yankton,SD
Ziebach,SD
