Autauga,AL
Baldwin,AL
Barbour,AL
Bibb,AL
Blount,AL
Bullock,AL
Butler,AL
Calhoun,AL
Chambers,AL
Cherokee,AL
Chilton,AL
Choctaw,AL
Clarke,AL
Clay,AL
Cleburne,AL
Coffee,AL
Colbert,AL
Conecuh,AL
Coosa,AL
Covington,AL
Crenshaw,AL
Cullman,AL
Dale,AL
Dallas,AL
DeKalb,AL
Elmore,AL
Escambia,AL
Etowah,AL
Fayette,AL
Franklin,AL
Geneva,AL
Greene,AL
Hale,AL
Henry,AL
Houston,AL
Jackson,AL
Jefferson,AL
Lamar,AL
Lauderdale,AL
Lawrence,AL
Lee,AL
Limestone,AL
Lowndes,AL
Macon,AL
Madison,AL
Marengo,AL
Marion,AL
Marshall,AL
Mobile,AL
Monroe,AL
Montgomery,AL
Morgan,AL
Perry,AL
Pickens,AL
Pike,AL
Randolph,AL
Russell,AL
Shelby,AL
St. Clair,AL
Sumter,AL
Talladega,AL
Tallapoosa,AL
Tuscaloosa,AL
Walker,AL
Washington,AL
Wilcox,AL
Winston,AL
