Appling,GA
Atkinson,GA
Bacon,GA
Baker,GA
Baldwin,GA
Banks,GA
Barrow,GA
Bartow,GA
Ben Hill,GA
Berrien,GA
Bibb,GA
Bleckley,GA
Brantley,GA
Brooks,GA
Bryan,GA
Bulloch,GA
Burke,GA
Butts,GA
Calhoun,GA
Camden,GA
Candler,GA
Carroll,GA
Catoosa,GA
Charlton,GA
Chatham,GA
Chattahoochee,GA
Chattooga,GA
Cherokee,GA
Clarke,GA
Clay,GA
Clayton,GA
Clinch,GA
Cobb,GA
Coffee,GA
Colquitt,GA
Columbia,GA
Cook,GA
Coweta,GA
Crawford,GA
Crisp,GA
Dade,GA
Dawson,GA
Decatur,GA
DeKalb,GA
Dodge,GA
Dooly,GA
Dougherty,GA
Douglas,GA
Early,GA
Echols,GA
Effingham,GA
Elbert,GA
Emanuel,GA
Evans,GA
Fannin,GA
Fayette,GA
Floyd,GA
Forsyth,GA
Franklin,GA
Fulton,GA
Gilmer,GA
Glascock,GA
Glynn,GA
Gordon,GA
Grady,GA
Greene,GA
Gwinnett,GA
Habersham,GA
Hall,GA
Hancock,GA
Haralson,GA
Harris,GA
Hart,GA
Heard,GA
Henry,GA
Houston,GA
Irwin,GA
Jackson,GA
Jasper,GA
Jeff Davis,GA
Jefferson,GA
Jenkins,GA
Johnson,GA
Jones,GA
Lamar,GA
Lanier,GA
Laurens,GA
Lee,GA
Liberty,GA
Lincoln,GA
Long,GA
Lowndes,GA
Lumpkin,GA
Macon,GA
Madison,GA
Marion,GA
McDuffie,GA
McIntosh,GA
Meriwether,GA
Miller,GA
Mitchell,GA
Monroe,GA
Montgomery,GA
Morgan,GA
Murray,GA
Muscogee,GA
Newton,GA
Oconee,GA
Oglethorpe,GA
Paulding,GA
Peach,GA
Pickens,GA
Pierce,GA
Pike,GA
Polk,GA
Pulaski,GA
Putnam,GA
Quitman,GA
Rabun,GA
Randolph,GA
Richmond,GA
Rockdale,GA
Schley,GA
Screven,GA
Seminole,GA
Spalding,GA
Stephens,GA
Stewart,GA
Sumter,GA
Talbot,GA
Taliaferro,GA
Tattnall,GA
Taylor,GA
Telfair,GA
Terrell,GA
Thomas,GA
Tift,GA
Toombs,GA
Towns,GA
Treutlen,GA
Troup,GA
Turner,GA
Twiggs,GA
Union,GA
Upson,GA
Walker,GA
Walton,GA
Ware,GA
Warren,GA
Washington,GA
Wayne,GA
Webster,GA
Wheeler,GA
White,GA
Whitfield,GA
Wilcox,GA
Wilkes,GA
Wilkinson,GA
Worth,GA
